{
 "runs": 7,
 "rounds": 3,
 "records": [
  {
   "session": "typing 'zsh cache' (9 steps)",
   "queries": [
    "z",
    "zs",
    "zsh",
    "zsh ",
    "zsh c",
    "zsh ca",
    "zsh cac",
    "zsh cach",
    "zsh cache"
   ],
   "verified": true,
   "impls": {
    "0.2.0 one-shot": [
     208.8505410356447,
     210.37941600661725,
     208.79374991636723
    ],
    "B one-shot": [
     150.680165970698,
     151.28695801831782,
     149.31274997070432
    ],
    "B Index": [
     25.869459030218422,
     25.453042006120086,
     25.82300000358373
    ]
   },
   "fzf_ms": 110.56458298116922
  },
  {
   "session": "8 distinct queries",
   "queries": [
    "zsh",
    "foo bar",
    "ing$",
    "'tion",
    "^ab",
    "aBc",
    "qx",
    "hello"
   ],
   "verified": true,
   "impls": {
    "0.2.0 one-shot": [
     147.73970795795321,
     149.4241670006886,
     149.13491602055728
    ],
    "B one-shot": [
     147.88449998013675,
     147.58941694162786,
     149.40508303698152
    ],
    "B Index": [
     116.91312491893768,
     117.30120796710253,
     117.13350005447865
    ]
   },
   "fzf_ms": 97.68025006633252
  },
  {
   "session": "refine then backtrack (7 steps)",
   "queries": [
    "ab",
    "abc",
    "abcd",
    "abc",
    "ab",
    "ab e",
    "ab er"
   ],
   "verified": true,
   "impls": {
    "0.2.0 one-shot": [
     1042.026040959172,
     1038.0814590025693,
     1038.1122500402853
    ],
    "B one-shot": [
     302.0312919979915,
     298.29066700767726,
     299.82454201672226
    ],
    "B Index": [
     169.407167006284,
     170.55833304766566,
     170.22958409506828
    ]
   },
   "fzf_ms": 104.8631250159815
  }
 ]
}