{
 "runs": 7,
 "rounds": 3,
 "records": [
  {
   "session": "typing 'zsh cache' (9 steps)",
   "queries": [
    "z",
    "zs",
    "zsh",
    "zsh ",
    "zsh c",
    "zsh ca",
    "zsh cac",
    "zsh cach",
    "zsh cache"
   ],
   "verified": true,
   "impls": {
    "0.2.0 one-shot": [
     223.70016702916473,
     223.1756669934839,
     224.58766703493893
    ],
    "B one-shot": [
     163.95320801530033,
     164.6602499531582,
     165.88187508750707
    ],
    "B Index": [
     28.75654201488942,
     28.815333964303136,
     28.431499958969653
    ]
   },
   "fzf_ms": 117.71270900499076
  },
  {
   "session": "8 distinct queries",
   "queries": [
    "zsh",
    "foo bar",
    "ing$",
    "'tion",
    "^ab",
    "aBc",
    "qx",
    "hello"
   ],
   "verified": true,
   "impls": {
    "0.2.0 one-shot": [
     161.97816701605916,
     161.15054197143763,
     164.47941691149026
    ],
    "B one-shot": [
     163.17483398597687,
     162.0705840177834,
     160.75058293063194
    ],
    "B Index": [
     126.24762509949505,
     125.35833299625665,
     125.41533296462148
    ]
   },
   "fzf_ms": 104.33825000654906
  },
  {
   "session": "refine then backtrack (7 steps)",
   "queries": [
    "ab",
    "abc",
    "abcd",
    "abc",
    "ab",
    "ab e",
    "ab er"
   ],
   "verified": true,
   "impls": {
    "0.2.0 one-shot": [
     1057.4611669871956,
     1062.51520907972,
     1056.1236249050125
    ],
    "B one-shot": [
     311.0972079448402,
     312.3551250901073,
     314.39045793376863
    ],
    "B Index": [
     173.16254205070436,
     176.90087493974715,
     175.57108402252197
    ]
   },
   "fzf_ms": 108.00241597462445
  }
 ]
}